colour	size	x	xend	y	yend	key	showSelectedlegendcoloursize	showSelected2
#00BFFF	2	0.0558149593988373	0.0558149593988373	0	1	10706047 AIC	AIC	TPR=0.950
#FF0000	5	0.0558149593988373	0.0558149593988373	0	1	10706047 BIC	BIC	TPR=0.950
#FF0000	5	0.0558149593988373	0.0558149593988373	0	1	10706047 BIC	BIC	FPR=0.080
#00BFFF	2	0.0558149593988373	0.0558149593988373	0	1	10706047 AIC	AIC	FPR=0.100
#FF0000	5	0.0558149593988373	0.0558149593988373	0	1	10706047 BIC	BIC	FPR=0.100
