colour	size	x	xend	y	yend	key	showSelectedlegendcoloursize	showSelected2
#00BFFF	2	0.758617603073098	0.758617603073098	0	1	144685562 AIC	AIC	TPR=0.950
#FF0000	5	0.758617603073098	0.758617603073098	0	1	144685562 BIC	BIC	TPR=0.950
#FF0000	5	0.758617603073098	0.758617603073098	0	1	144685562 BIC	BIC	FPR=0.080
#00BFFF	2	0.758617603073098	0.758617603073098	0	1	144685562 AIC	AIC	FPR=0.100
#FF0000	5	0.758617603073098	0.758617603073098	0	1	144685562 BIC	BIC	FPR=0.100
