colour	size	x	xend	y	yend	key	showSelectedlegendcoloursize	showSelected2
#00BFFF	2	0.903291182852786	0.903291182852786	0	1	224977964 AIC	AIC	TPR=0.950
#FF0000	5	0.903291182852786	0.903291182852786	0	1	224977964 BIC	BIC	TPR=0.950
#00BFFF	2	0.903291182852786	0.903291182852786	0	1	224977964 AIC	AIC	FPR=0.080
#FF0000	5	0.903291182852786	0.903291182852786	0	1	224977964 BIC	BIC	FPR=0.080
#00BFFF	2	0.903291182852786	0.903291182852786	0	1	224977964 AIC	AIC	FPR=0.100
#FF0000	5	0.903291182852786	0.903291182852786	0	1	224977964 BIC	BIC	FPR=0.100
