colour	size	x	xend	y	yend	key	showSelectedlegendcoloursize	showSelected2
#00BFFF	2	0.460446925245017	0.460446925245017	0	1	115117431 AIC	AIC	TPR=0.950
#FF0000	5	0.460446925245017	0.460446925245017	0	1	115117431 BIC	BIC	TPR=0.950
#FF0000	5	0.460446925245017	0.460446925245017	0	1	115117431 BIC	BIC	FPR=0.080
#00BFFF	2	0.460446925245017	0.460446925245017	0	1	115117431 AIC	AIC	FPR=0.100
#FF0000	5	0.460446925245017	0.460446925245017	0	1	115117431 BIC	BIC	FPR=0.100
