colour	size	x	xend	y	yend	key	showSelectedlegendcoloursize	showSelected2
#00BFFF	2	0.560656996618098	0.560656996618098	0	1	136136039 AIC	AIC	TPR=0.950
#00BFFF	2	0.953281487787008	0.953281487787008	0	1	231458561 AIC	AIC	TPR=0.950
#00BFFF	2	0.560656996618098	0.560656996618098	0	1	136136039 AIC	AIC	FPR=0.100
#00BFFF	2	0.953281487787008	0.953281487787008	0	1	231458561 AIC	AIC	FPR=0.100
#FF0000	5	0.560656996618098	0.560656996618098	0	1	136136039 BIC	BIC	FPR=0.100
#FF0000	5	0.953281487787008	0.953281487787008	0	1	231458561 BIC	BIC	FPR=0.100
