colour	size	x	xend	y	yend	key	showSelectedlegendcoloursize	showSelected2
#FF0000	5	0.274617683666623	0.274617683666623	0	1	68984595 BIC	BIC	FPR=0.100
#FF0000	5	0.413325754211381	0.413325754211381	0	1	103419416 BIC	BIC	FPR=0.100
#FF0000	5	0.418882133945515	0.418882133945515	0	1	104798809 BIC	BIC	FPR=0.100
