colour	size	x	xend	y	yend	key	showSelectedlegendcoloursize	showSelected2
#00BFFF	2	0.508143549345808	0.508143549345808	0	1	41121556 AIC	AIC	TPR=0.950
#FF0000	5	0.508143549345808	0.508143549345808	0	1	41121556 BIC	BIC	TPR=0.950
#FF0000	5	0.508143549345808	0.508143549345808	0	1	41121556 BIC	BIC	FPR=0.061
#00BFFF	2	0.508143549345808	0.508143549345808	0	1	41121556 AIC	AIC	FPR=0.080
#FF0000	5	0.508143549345808	0.508143549345808	0	1	41121556 BIC	BIC	FPR=0.080
#00BFFF	2	0.508143549345808	0.508143549345808	0	1	41121556 AIC	AIC	FPR=0.100
#FF0000	5	0.508143549345808	0.508143549345808	0	1	41121556 BIC	BIC	FPR=0.100
