colour	size	x	xend	y	yend	key	showSelectedlegendcoloursize	showSelected2
#00BFFF	2	0.938683618332563	0.938683618332563	0	1	75799199 AIC	AIC	TPR=0.950
#FF0000	5	0.938683618332563	0.938683618332563	0	1	75799199 BIC	BIC	FPR=0.080
#00BFFF	2	0.938683618332563	0.938683618332563	0	1	75799199 AIC	AIC	FPR=0.100
#FF0000	5	0.938683618332563	0.938683618332563	0	1	75799199 BIC	BIC	FPR=0.100
