colour	size	x	xend	y	yend	key	showSelectedlegendcoloursize	showSelected2
#FF0000	5	0.770998375487067	0.770998375487067	0	1	187203334 BIC	BIC	FPR=0.080
#FF0000	5	0.776131047008891	0.776131047008891	0	1	188449459 BIC	BIC	FPR=0.080
#00BFFF	2	0.770998375487067	0.770998375487067	0	1	187203334 AIC	AIC	FPR=0.100
#00BFFF	2	0.776131047008891	0.776131047008891	0	1	188449459 AIC	AIC	FPR=0.100
#FF0000	5	0.770998375487067	0.770998375487067	0	1	187203334 BIC	BIC	FPR=0.100
#FF0000	5	0.776131047008891	0.776131047008891	0	1	188449459 BIC	BIC	FPR=0.100
