colour	size	x	xend	y	yend	key	showSelectedlegendcoloursize	showSelected2
#00BFFF	2	0.0934017951001223	0.0934017951001223	0	1	23272524 AIC	AIC	FPR=0.100
#FF0000	5	0.0934017951001223	0.0934017951001223	0	1	23272524 BIC	BIC	FPR=0.100
