colour	size	x	xend	y	yend	key	showSelectedlegendcoloursize	showSelected2
#FF0000	5	0.533194663870918	0.533194663870918	0	1	43129266 BIC	BIC	TPR=0.800
#FF0000	5	0.533194663870918	0.533194663870918	0	1	43129266 BIC	BIC	TPR=0.829
#00BFFF	2	0.533194663870918	0.533194663870918	0	1	43129266 AIC	AIC	TPR=0.850
#FF0000	5	0.533194663870918	0.533194663870918	0	1	43129266 BIC	BIC	TPR=0.850
#00BFFF	2	0.533194663870918	0.533194663870918	0	1	43129266 AIC	AIC	TPR=0.900
#FF0000	5	0.533194663870918	0.533194663870918	0	1	43129266 BIC	BIC	TPR=0.900
#00BFFF	2	0.54993491883377	0.54993491883377	0	1	44470906 AIC	AIC	TPR=0.950
#00BFFF	2	0.934481598733528	0.934481598733528	0	1	75290222 AIC	AIC	TPR=0.950
#FF0000	5	0.54993491883377	0.54993491883377	0	1	44470906 BIC	BIC	TPR=0.950
#FF0000	5	0.934481598733528	0.934481598733528	0	1	75290222 BIC	BIC	TPR=0.950
#FF0000	5	0.533194663870918	0.533194663870918	0	1	43129266 BIC	BIC	FPR=0.030
#FF0000	5	0.533194663870918	0.533194663870918	0	1	43129266 BIC	BIC	FPR=0.040
#FF0000	5	0.533194663870918	0.533194663870918	0	1	43129266 BIC	BIC	FPR=0.048
#00BFFF	2	0.533194663870918	0.533194663870918	0	1	43129266 AIC	AIC	FPR=0.061
#FF0000	5	0.533194663870918	0.533194663870918	0	1	43129266 BIC	BIC	FPR=0.061
#00BFFF	2	0.533194663870918	0.533194663870918	0	1	43129266 AIC	AIC	FPR=0.080
#FF0000	5	0.54993491883377	0.54993491883377	0	1	44470906 BIC	BIC	FPR=0.080
#FF0000	5	0.934481598733528	0.934481598733528	0	1	75290222 BIC	BIC	FPR=0.080
#00BFFF	2	0.54993491883377	0.54993491883377	0	1	44470906 AIC	AIC	FPR=0.100
#00BFFF	2	0.934481598733528	0.934481598733528	0	1	75290222 AIC	AIC	FPR=0.100
#FF0000	5	0.410590488399846	0.410590488399846	0	1	33303211 BIC	BIC	FPR=0.100
#FF0000	5	0.412172218149164	0.412172218149164	0	1	33429978 BIC	BIC	FPR=0.100
#FF0000	5	0.54993491883377	0.54993491883377	0	1	44470906 BIC	BIC	FPR=0.100
#FF0000	5	0.934481598733528	0.934481598733528	0	1	75290222 BIC	BIC	FPR=0.100
