colour	size	x	xend	y	yend	key	showSelectedlegendcoloursize	showSelected2
#00BFFF	2	0.203484640460134	0.203484640460134	0	1	49420690 AIC	AIC	TPR=0.950
#FF0000	5	0.203484640460134	0.203484640460134	0	1	49420690 BIC	BIC	TPR=0.950
#00BFFF	2	0.203484640460134	0.203484640460134	0	1	49420690 AIC	AIC	FPR=0.080
#FF0000	5	0.203484640460134	0.203484640460134	0	1	49420690 BIC	BIC	FPR=0.080
#00BFFF	2	0.203484640460134	0.203484640460134	0	1	49420690 AIC	AIC	FPR=0.100
#FF0000	5	0.203484640460134	0.203484640460134	0	1	49420690 BIC	BIC	FPR=0.100
