colour	size	x	xend	y	yend	key	showSelectedlegendcoloursize	showSelected2
#00BFFF	2	0.114867806167836	0.114867806167836	0	1	28618700 AIC	AIC	FPR=0.100
#FF0000	5	0.114867806167836	0.114867806167836	0	1	28618700 BIC	BIC	FPR=0.100
