colour	size	x	xend	y	yend	key	showSelectedlegendcoloursize	showSelected2
#00BFFF	2	0.132628254948217	0.132628254948217	0	1	33735164 AIC	AIC	FPR=0.100
#FF0000	5	0.132628254948217	0.132628254948217	0	1	33735164 BIC	BIC	FPR=0.100
