colour	size	x	xend	y	yend	key	showSelectedlegendcoloursize	showSelected2
#00BFFF	2	0.264823045427041	0.264823045427041	0	1	65965513 AIC	AIC	TPR=0.950
#FF0000	5	0.264823045427041	0.264823045427041	0	1	65965513 BIC	BIC	TPR=0.950
#00BFFF	2	0.264823045427041	0.264823045427041	0	1	65965513 AIC	AIC	FPR=0.080
#FF0000	5	0.264823045427041	0.264823045427041	0	1	65965513 BIC	BIC	FPR=0.080
#00BFFF	2	0.264823045427041	0.264823045427041	0	1	65965513 AIC	AIC	FPR=0.100
#FF0000	5	0.264823045427041	0.264823045427041	0	1	65965513 BIC	BIC	FPR=0.100
