colour	size	x	xend	y	yend	key	showSelectedlegendcoloursize	showSelected2
#00BFFF	2	0.159265684237297	0.159265684237297	0	1	40348010 AIC	AIC	TPR=0.950
#00BFFF	2	0.159265684237297	0.159265684237297	0	1	40348010 AIC	AIC	FPR=0.100
#FF0000	5	0.159265684237297	0.159265684237297	0	1	40348010 BIC	BIC	FPR=0.100
