colour	size	x	xend	y	yend	key	showSelectedlegendcoloursize	showSelected2
#FF0000	5	0.0601446757893522	0.0601446757893522	0	1	11531447 BIC	BIC	FPR=0.100
