colour	size	x	xend	y	yend	key	showSelectedlegendcoloursize	showSelected2
#00BFFF	2	0.384532789595956	0.384532789595956	0	1	31285374 AIC	AIC	TPR=0.950
#FF0000	5	0.384532789595956	0.384532789595956	0	1	31285374 BIC	BIC	TPR=0.950
#FF0000	5	0.384532789595956	0.384532789595956	0	1	31285374 BIC	BIC	FPR=0.080
#00BFFF	2	0.384532789595956	0.384532789595956	0	1	31285374 AIC	AIC	FPR=0.100
#FF0000	5	0.384532789595956	0.384532789595956	0	1	31285374 BIC	BIC	FPR=0.100
