colour	size	x	xend	y	yend	key	showSelectedlegendcoloursize	showSelected2
#00BFFF	2	0.150368211479038	0.150368211479038	0	1	37460185 AIC	AIC	TPR=0.950
#00BFFF	2	0.150368211479038	0.150368211479038	0	1	37460185 AIC	AIC	FPR=0.100
#FF0000	5	0.150368211479038	0.150368211479038	0	1	37460185 BIC	BIC	FPR=0.100
