colour	size	x	xend	y	yend	key	showSelectedlegendcoloursize	showSelected2
#00BFFF	2	0.0800740777339976	0.0800740777339976	0	1	10811865 AIC	AIC	FPR=0.100
#00BFFF	2	0.449678320833261	0.449678320833261	0	1	60482447 AIC	AIC	FPR=0.100
#00BFFF	2	0.567012646016893	0.567012646016893	0	1	76250838 AIC	AIC	FPR=0.100
