colour	size	x	xend	y	yend	key	showSelectedlegendcoloursize	showSelected2
#00BFFF	2	0.215198887483317	0.215198887483317	0	1	53660992 AIC	AIC	TPR=0.950
#00BFFF	2	0.215198887483317	0.215198887483317	0	1	53660992 AIC	AIC	FPR=0.100
#FF0000	5	0.215198887483317	0.215198887483317	0	1	53660992 BIC	BIC	FPR=0.100
