colour	size	x	xend	y	yend	key	showSelectedlegendcoloursize	showSelected2
#FF0000	5	0.00037539116136689	0.00037539116136689	0	1	285481 BIC	BIC	FPR=0.100
