colour	size	x	xend	y	yend	key	showSelectedlegendcoloursize	showSelected2
#00BFFF	2	0.54993491883377	0.54993491883377	0	1	44470906 AIC	AIC	TPR=0.850
#FF0000	5	0.54993491883377	0.54993491883377	0	1	44470906 BIC	BIC	TPR=0.850
#00BFFF	2	0.54993491883377	0.54993491883377	0	1	44470906 AIC	AIC	TPR=0.900
#FF0000	5	0.54993491883377	0.54993491883377	0	1	44470906 BIC	BIC	TPR=0.900
#00BFFF	2	0.54993491883377	0.54993491883377	0	1	44470906 AIC	AIC	TPR=0.950
#FF0000	5	0.54993491883377	0.54993491883377	0	1	44470906 BIC	BIC	TPR=0.950
#FF0000	5	0.54993491883377	0.54993491883377	0	1	44470906 BIC	BIC	FPR=0.040
#FF0000	5	0.54993491883377	0.54993491883377	0	1	44470906 BIC	BIC	FPR=0.048
#00BFFF	2	0.54993491883377	0.54993491883377	0	1	44470906 AIC	AIC	FPR=0.061
#FF0000	5	0.54993491883377	0.54993491883377	0	1	44470906 BIC	BIC	FPR=0.061
#00BFFF	2	0.54993491883377	0.54993491883377	0	1	44470906 AIC	AIC	FPR=0.080
#FF0000	5	0.54993491883377	0.54993491883377	0	1	44470906 BIC	BIC	FPR=0.080
#00BFFF	2	0.54993491883377	0.54993491883377	0	1	44470906 AIC	AIC	FPR=0.100
#FF0000	5	0.54993491883377	0.54993491883377	0	1	44470906 BIC	BIC	FPR=0.100
