fill	x	y	showSelected1
#00BFFF	0.0478031634446397	0.828970331588133	AIC
#FF0000	0.0115992970123023	0.579406631762653	BIC
