colour	size	x	xend	y	yend	key	showSelectedlegendcoloursize	showSelected2
#FF0000	5	0.272374935891233	0.272374935891233	0	1	53782904 BIC	BIC	TPR=0.950
#FF0000	5	0.272374935891233	0.272374935891233	0	1	53782904 BIC	BIC	FPR=0.080
#00BFFF	2	0.272374935891233	0.272374935891233	0	1	53782904 AIC	AIC	FPR=0.100
#FF0000	5	0.272374935891233	0.272374935891233	0	1	53782904 BIC	BIC	FPR=0.100
