colour	size	x	xend	y	yend	key	showSelectedlegendcoloursize	showSelected2
#00BFFF	2	0.34181425725398	0.34181425725398	0	1	46000675 AIC	AIC	TPR=0.900
#00BFFF	2	0.580779470562552	0.580779470562552	0	1	78028171 AIC	AIC	TPR=0.900
#FF0000	5	0.34181425725398	0.34181425725398	0	1	46000675 BIC	BIC	TPR=0.900
#FF0000	5	0.580779470562552	0.580779470562552	0	1	78028171 BIC	BIC	TPR=0.900
#00BFFF	2	0.34181425725398	0.34181425725398	0	1	46000675 AIC	AIC	TPR=0.950
#00BFFF	2	0.580779470562552	0.580779470562552	0	1	78028171 AIC	AIC	TPR=0.950
#FF0000	5	0.34181425725398	0.34181425725398	0	1	46000675 BIC	BIC	TPR=0.950
#FF0000	5	0.580779470562552	0.580779470562552	0	1	78028171 BIC	BIC	TPR=0.950
#FF0000	5	0.34181425725398	0.34181425725398	0	1	46000675 BIC	BIC	FPR=0.040
#FF0000	5	0.580779470562552	0.580779470562552	0	1	78028171 BIC	BIC	FPR=0.040
#FF0000	5	0.34181425725398	0.34181425725398	0	1	46000675 BIC	BIC	FPR=0.048
#FF0000	5	0.580779470562552	0.580779470562552	0	1	78028171 BIC	BIC	FPR=0.048
#00BFFF	2	0.34181425725398	0.34181425725398	0	1	46000675 AIC	AIC	FPR=0.061
#00BFFF	2	0.580779470562552	0.580779470562552	0	1	78028171 AIC	AIC	FPR=0.061
#FF0000	5	0.34181425725398	0.34181425725398	0	1	46000675 BIC	BIC	FPR=0.061
#FF0000	5	0.580779470562552	0.580779470562552	0	1	78028171 BIC	BIC	FPR=0.061
#00BFFF	2	0.34181425725398	0.34181425725398	0	1	46000675 AIC	AIC	FPR=0.080
#00BFFF	2	0.580779470562552	0.580779470562552	0	1	78028171 AIC	AIC	FPR=0.080
#FF0000	5	0.34181425725398	0.34181425725398	0	1	46000675 BIC	BIC	FPR=0.080
#FF0000	5	0.580779470562552	0.580779470562552	0	1	78028171 BIC	BIC	FPR=0.080
#00BFFF	2	0.34181425725398	0.34181425725398	0	1	46000675 AIC	AIC	FPR=0.100
#00BFFF	2	0.580779470562552	0.580779470562552	0	1	78028171 AIC	AIC	FPR=0.100
#FF0000	5	0.34181425725398	0.34181425725398	0	1	46000675 BIC	BIC	FPR=0.100
#FF0000	5	0.580779470562552	0.580779470562552	0	1	78028171 BIC	BIC	FPR=0.100
