colour	size	x	xend	y	yend	key	showSelectedlegendcoloursize	showSelected2
#00BFFF	2	0.101921959834161	0.101921959834161	0	1	19528189 AIC	AIC	TPR=0.950
#FF0000	5	0.101921959834161	0.101921959834161	0	1	19528189 BIC	BIC	FPR=0.080
#00BFFF	2	0.101921959834161	0.101921959834161	0	1	19528189 AIC	AIC	FPR=0.100
#FF0000	5	0.101921959834161	0.101921959834161	0	1	19528189 BIC	BIC	FPR=0.100
