colour	size	x	xend	y	yend	key	showSelectedlegendcoloursize	showSelected2
#00BFFF	2	0.220571997353145	0.220571997353145	0	1	55567542 AIC	AIC	FPR=0.100
#FF0000	5	0.220571997353145	0.220571997353145	0	1	55567542 BIC	BIC	FPR=0.100
