colour	size	x	xend	y	yend	key	showSelectedlegendcoloursize	showSelected2
#00BFFF	2	0.0185128615101246	0.0185128615101246	0	1	2933368 AIC	AIC	TPR=0.950
#FF0000	5	0.0185128615101246	0.0185128615101246	0	1	2933368 BIC	BIC	TPR=0.950
#FF0000	5	0.0185128615101246	0.0185128615101246	0	1	2933368 BIC	BIC	FPR=0.080
#00BFFF	2	0.0185128615101246	0.0185128615101246	0	1	2933368 AIC	AIC	FPR=0.100
#FF0000	5	0.0185128615101246	0.0185128615101246	0	1	2933368 BIC	BIC	FPR=0.100
