colour	size	x	xend	y	yend	key	showSelectedlegendcoloursize	showSelected2
#FF0000	5	0.411755593353351	0.411755593353351	0	1	78561161 BIC	BIC	FPR=0.100
#FF0000	5	0.418959624544872	0.418959624544872	0	1	79934509 BIC	BIC	FPR=0.100
