colour	size	x	xend	y	yend	key	showSelectedlegendcoloursize	showSelected2
#00BFFF	2	0.516017074811806	0.516017074811806	0	1	40484900 AIC	AIC	TPR=0.900
#FF0000	5	0.516017074811806	0.516017074811806	0	1	40484900 BIC	BIC	TPR=0.900
#00BFFF	2	0.516017074811806	0.516017074811806	0	1	40484900 AIC	AIC	TPR=0.950
#FF0000	5	0.516017074811806	0.516017074811806	0	1	40484900 BIC	BIC	TPR=0.950
#FF0000	5	0.516017074811806	0.516017074811806	0	1	40484900 BIC	BIC	FPR=0.048
#FF0000	5	0.516017074811806	0.516017074811806	0	1	40484900 BIC	BIC	FPR=0.061
#00BFFF	2	0.516017074811806	0.516017074811806	0	1	40484900 AIC	AIC	FPR=0.080
#FF0000	5	0.516017074811806	0.516017074811806	0	1	40484900 BIC	BIC	FPR=0.080
#00BFFF	2	0.516017074811806	0.516017074811806	0	1	40484900 AIC	AIC	FPR=0.100
#FF0000	5	0.516017074811806	0.516017074811806	0	1	40484900 BIC	BIC	FPR=0.100
