colour	size	x	xend	y	yend	key	showSelectedlegendcoloursize	showSelected2
#FF0000	5	0.384492103504296	0.384492103504296	0	1	31211568 BIC	BIC	FPR=0.100
#FF0000	5	0.408087685276818	0.408087685276818	0	1	33102625 BIC	BIC	FPR=0.100
