colour	size	x	xend	y	yend	key	showSelectedlegendcoloursize	showSelected2
#00BFFF	2	0.0741441247595195	0.0741441247595195	0	1	18343846 AIC	AIC	TPR=0.950
#00BFFF	2	0.0741441247595195	0.0741441247595195	0	1	18343846 AIC	AIC	FPR=0.080
#00BFFF	2	0.0741441247595195	0.0741441247595195	0	1	18343846 AIC	AIC	FPR=0.100
#00BFFF	2	0.464668706204228	0.464668706204228	0	1	114869073 AIC	AIC	FPR=0.100
#00BFFF	2	0.464829463181459	0.464829463181459	0	1	114908807 AIC	AIC	FPR=0.100
#FF0000	5	0.0741441247595195	0.0741441247595195	0	1	18343846 BIC	BIC	FPR=0.100
