colour	size	x	xend	y	yend	key	showSelectedlegendcoloursize	showSelected2
#00BFFF	2	0.230842235233887	0.230842235233887	0	1	56089868 AIC	AIC	TPR=0.950
#FF0000	5	0.230842235233887	0.230842235233887	0	1	56089868 BIC	BIC	FPR=0.080
#00BFFF	2	0.230842235233887	0.230842235233887	0	1	56089868 AIC	AIC	FPR=0.100
#FF0000	5	0.230842235233887	0.230842235233887	0	1	56089868 BIC	BIC	FPR=0.100
