colour	size	x	xend	y	yend	key	showSelectedlegendcoloursize	showSelected2
#00BFFF	2	0.0209182227661306	0.0209182227661306	0	1	1650250 AIC	AIC	FPR=0.100
#00BFFF	2	0.0213797330617838	0.0213797330617838	0	1	1686545 AIC	AIC	FPR=0.100
