colour	size	x	xend	y	yend	key	showSelectedlegendcoloursize	showSelected2
#FF0000	5	0.384532789595956	0.384532789595956	0	1	31285374 BIC	BIC	FPR=0.100
#FF0000	5	0.407155674681037	0.407155674681037	0	1	33102625 BIC	BIC	FPR=0.100
