colour	size	x	xend	y	yend	key	showSelectedlegendcoloursize	showSelected2
#00BFFF	2	0.148008685349573	0.148008685349573	0	1	37553416 AIC	AIC	FPR=0.100
#FF0000	5	0.148008685349573	0.148008685349573	0	1	37553416 BIC	BIC	FPR=0.100
