colour	size	x	xend	y	yend	key	showSelectedlegendcoloursize	showSelected2
#FF0000	5	0.0628943651321899	0.0628943651321899	0	1	8869722 BIC	BIC	FPR=0.100
