colour	size	x	xend	y	yend	key	showSelectedlegendcoloursize	showSelected2
#00BFFF	2	0.110422898136346	0.110422898136346	0	1	27511682 AIC	AIC	TPR=0.950
#00BFFF	2	0.110422898136346	0.110422898136346	0	1	27511682 AIC	AIC	FPR=0.100
#FF0000	5	0.110422898136346	0.110422898136346	0	1	27511682 BIC	BIC	FPR=0.100
