colour	size	x	xend	y	yend	key	showSelectedlegendcoloursize	showSelected2
#00BFFF	2	0.15396573602328	0.15396573602328	0	1	38414942 AIC	AIC	TPR=0.950
#FF0000	5	0.15396573602328	0.15396573602328	0	1	38414942 BIC	BIC	TPR=0.950
#00BFFF	2	0.15396573602328	0.15396573602328	0	1	38414942 AIC	AIC	FPR=0.080
#FF0000	5	0.15396573602328	0.15396573602328	0	1	38414942 BIC	BIC	FPR=0.080
#00BFFF	2	0.15396573602328	0.15396573602328	0	1	38414942 AIC	AIC	FPR=0.100
#FF0000	5	0.15396573602328	0.15396573602328	0	1	38414942 BIC	BIC	FPR=0.100
