colour	size	x	xend	y	yend	key	showSelectedlegendcoloursize	showSelected2
#FF0000	5	0.135826518388236	0.135826518388236	0	1	25959134 BIC	BIC	TPR=0.900
#00BFFF	2	0.135826518388236	0.135826518388236	0	1	25959134 AIC	AIC	TPR=0.950
#FF0000	5	0.135826518388236	0.135826518388236	0	1	25959134 BIC	BIC	TPR=0.950
#FF0000	5	0.135826518388236	0.135826518388236	0	1	25959134 BIC	BIC	FPR=0.048
#FF0000	5	0.135826518388236	0.135826518388236	0	1	25959134 BIC	BIC	FPR=0.061
#00BFFF	2	0.135826518388236	0.135826518388236	0	1	25959134 AIC	AIC	FPR=0.080
#FF0000	5	0.135826518388236	0.135826518388236	0	1	25959134 BIC	BIC	FPR=0.080
#00BFFF	2	0.135826518388236	0.135826518388236	0	1	25959134 AIC	AIC	FPR=0.100
#FF0000	5	0.135826518388236	0.135826518388236	0	1	25959134 BIC	BIC	FPR=0.100
