colour	size	x	xend	y	yend	key	showSelectedlegendcoloursize	showSelected2
#00BFFF	2	0.1911056901738	0.1911056901738	0	1	48252416 AIC	AIC	TPR=0.950
#00BFFF	2	0.1911056901738	0.1911056901738	0	1	48252416 AIC	AIC	FPR=0.100
#FF0000	5	0.1911056901738	0.1911056901738	0	1	48252416 BIC	BIC	FPR=0.100
