colour	size	x	xend	y	yend	key	showSelectedlegendcoloursize	showSelected2
#FF0000	5	0.0216977547438352	0.0216977547438352	0	1	3359371 BIC	BIC	FPR=0.100
