colour	size	x	xend	y	yend	key	showSelectedlegendcoloursize	showSelected2
#00BFFF	2	0.434448360898382	0.434448360898382	0	1	108763708 AIC	AIC	TPR=0.950
#FF0000	5	0.434448360898382	0.434448360898382	0	1	108763708 BIC	BIC	FPR=0.080
#00BFFF	2	0.434448360898382	0.434448360898382	0	1	108763708 AIC	AIC	FPR=0.100
#FF0000	5	0.434448360898382	0.434448360898382	0	1	108763708 BIC	BIC	FPR=0.100
