colour	size	x	xend	y	yend	key	showSelectedlegendcoloursize	showSelected2
#FF0000	5	0.383613981651104	0.383613981651104	0	1	31211568 BIC	BIC	FPR=0.100
#FF0000	5	0.435014044605495	0.435014044605495	0	1	35340432 BIC	BIC	FPR=0.100
