colour	size	x	xend	y	yend	key	showSelectedlegendcoloursize	showSelected2
#00BFFF	2	0.0324713675160779	0.0324713675160779	0	1	4530036 AIC	AIC	FPR=0.100
#FF0000	5	0.0324713675160779	0.0324713675160779	0	1	4530036 BIC	BIC	FPR=0.100
