colour	size	x	xend	y	yend	key	showSelectedlegendcoloursize	showSelected2
#00BFFF	2	0.552718675475468	0.552718675475468	0	1	44795409 AIC	AIC	FPR=0.100
#FF0000	5	0.552718675475468	0.552718675475468	0	1	44795409 BIC	BIC	FPR=0.100
