colour	size	x	xend	y	yend	key	showSelectedlegendcoloursize	showSelected2
#00BFFF	2	0.135569229196257	0.135569229196257	0	1	33774453 AIC	AIC	TPR=0.950
#00BFFF	2	0.135569229196257	0.135569229196257	0	1	33774453 AIC	AIC	FPR=0.100
#FF0000	5	0.135569229196257	0.135569229196257	0	1	33774453 BIC	BIC	FPR=0.100
