colour	size	x	xend	y	yend	key	showSelectedlegendcoloursize	showSelected2
#00BFFF	2	0.332701238902284	0.332701238902284	0	1	65926346 AIC	AIC	TPR=0.950
#00BFFF	2	0.332701238902284	0.332701238902284	0	1	65926346 AIC	AIC	FPR=0.100
#FF0000	5	0.332701238902284	0.332701238902284	0	1	65926346 BIC	BIC	FPR=0.100
