colour	size	x	xend	y	yend	key	showSelectedlegendcoloursize	showSelected2
#00BFFF	2	0.47512529175725	0.47512529175725	0	1	38475323 AIC	AIC	TPR=0.950
#FF0000	5	0.47512529175725	0.47512529175725	0	1	38475323 BIC	BIC	TPR=0.950
#FF0000	5	0.47512529175725	0.47512529175725	0	1	38475323 BIC	BIC	FPR=0.080
#00BFFF	2	0.47512529175725	0.47512529175725	0	1	38475323 AIC	AIC	FPR=0.100
#FF0000	5	0.47512529175725	0.47512529175725	0	1	38475323 BIC	BIC	FPR=0.100
