colour	size	x	xend	y	yend	key	showSelectedlegendcoloursize	showSelected2
#FF0000	5	0.589264280489688	0.589264280489688	0	1	79275587 BIC	BIC	FPR=0.100
#FF0000	5	0.84055605960248	0.84055605960248	0	1	112887719 BIC	BIC	FPR=0.100
