x	xend	y	yend	showSelected1
0.0478031634446397	0.0478031634446397	0.77	0.828970331588133	AIC
0.0115992970123023	0.0115992970123023	0.62	0.579406631762653	BIC
