colour	size	x	xend	y	yend	key	showSelectedlegendcoloursize	showSelected2
#00BFFF	2	0.445909414021884	0.445909414021884	0	1	110232373 AIC	AIC	TPR=0.950
#00BFFF	2	0.446057086787499	0.446057086787499	0	1	110268873 AIC	AIC	TPR=0.950
#00BFFF	2	0.811566043341002	0.811566043341002	0	1	200611035 AIC	AIC	TPR=0.950
#00BFFF	2	0.812351662454075	0.812351662454075	0	1	200805215 AIC	AIC	TPR=0.950
#00BFFF	2	0.445909414021884	0.445909414021884	0	1	110232373 AIC	AIC	FPR=0.100
#00BFFF	2	0.446057086787499	0.446057086787499	0	1	110268873 AIC	AIC	FPR=0.100
#00BFFF	2	0.811566043341002	0.811566043341002	0	1	200611035 AIC	AIC	FPR=0.100
#00BFFF	2	0.812351662454075	0.812351662454075	0	1	200805215 AIC	AIC	FPR=0.100
