colour	size	x	xend	y	yend	key	showSelectedlegendcoloursize	showSelected2
#00BFFF	2	0.0245245840818378	0.0245245840818378	0	1	5023569 AIC	AIC	TPR=0.950
#FF0000	5	0.0245245840818378	0.0245245840818378	0	1	5023569 BIC	BIC	TPR=0.950
#FF0000	5	0.0245245840818378	0.0245245840818378	0	1	5023569 BIC	BIC	FPR=0.080
#00BFFF	2	0.0245245840818378	0.0245245840818378	0	1	5023569 AIC	AIC	FPR=0.100
#FF0000	5	0.0245245840818378	0.0245245840818378	0	1	5023569 BIC	BIC	FPR=0.100
