colour	size	x	xend	y	yend	key	showSelectedlegendcoloursize	showSelected2
#FF0000	5	0.385085062810294	0.385085062810294	0	1	31329737 BIC	BIC	FPR=0.100
#FF0000	5	0.408221405252303	0.408221405252303	0	1	33188233 BIC	BIC	FPR=0.100
