colour	size	x	xend	y	yend	key	showSelectedlegendcoloursize	showSelected2
#FF0000	5	0.0793145914816101	0.0793145914816101	0	1	16217562 BIC	BIC	FPR=0.100
