colour	size	x	xend	y	yend	key	showSelectedlegendcoloursize	showSelected2
#00BFFF	2	0.0551729504167919	0.0551729504167919	0	1	10670171 AIC	AIC	TPR=0.950
#FF0000	5	0.0551729504167919	0.0551729504167919	0	1	10670171 BIC	BIC	FPR=0.080
#00BFFF	2	0.0551729504167919	0.0551729504167919	0	1	10670171 AIC	AIC	FPR=0.100
#FF0000	5	0.0551729504167919	0.0551729504167919	0	1	10670171 BIC	BIC	FPR=0.100
