colour	x	y	label	showSelected1	group	anchor
#00BFFF	0.0498031634446397	0.79	234 errors	AIC	1	start
#FF0000	0.0115992970123023	0.64	274 errors	BIC	2	end
