colour	size	x	xend	y	yend	key	showSelectedlegendcoloursize	showSelected2
#FF0000	5	0.0502324632684988	0.0502324632684988	0	1	10706047 BIC	BIC	FPR=0.100
