colour	size	x	xend	y	yend	key	showSelectedlegendcoloursize	showSelected2
#FF0000	5	0.00576061451972098	0.00576061451972098	0	1	2853978 BIC	BIC	FPR=0.080
#FF0000	5	0.00576061451972098	0.00576061451972098	0	1	2853978 BIC	BIC	FPR=0.100
