colour	size	x	xend	y	yend	key	showSelectedlegendcoloursize	showSelected2
#FF0000	5	0.917864451267487	0.917864451267487	0	1	175043751 BIC	BIC	TPR=0.950
#FF0000	5	0.917864451267487	0.917864451267487	0	1	175043751 BIC	BIC	FPR=0.080
#00BFFF	2	0.917864451267487	0.917864451267487	0	1	175043751 AIC	AIC	FPR=0.100
#FF0000	5	0.917864451267487	0.917864451267487	0	1	175043751 BIC	BIC	FPR=0.100
