colour	size	x	xend	y	yend	key	showSelectedlegendcoloursize	showSelected2
#00BFFF	2	0.0451904985295478	0.0451904985295478	0	1	12028399 AIC	AIC	TPR=0.950
#00BFFF	2	0.0451904985295478	0.0451904985295478	0	1	12028399 AIC	AIC	FPR=0.100
#FF0000	5	0.0451904985295478	0.0451904985295478	0	1	12028399 BIC	BIC	FPR=0.100
