colour	size	x	xend	y	yend	key	showSelectedlegendcoloursize	showSelected2
#00BFFF	2	0.206434874655409	0.206434874655409	0	1	52057946 AIC	AIC	FPR=0.100
#FF0000	5	0.206434874655409	0.206434874655409	0	1	52057946 BIC	BIC	FPR=0.100
