colour	size	x	xend	y	yend	key	showSelectedlegendcoloursize	showSelected2
#00BFFF	2	0.026850195322804	0.026850195322804	0	1	7475347 AIC	AIC	TPR=0.950
#00BFFF	2	0.0279607357323768	0.0279607357323768	0	1	7751043 AIC	AIC	TPR=0.950
#FF0000	5	0.026850195322804	0.026850195322804	0	1	7475347 BIC	BIC	FPR=0.080
#FF0000	5	0.0279607357323768	0.0279607357323768	0	1	7751043 BIC	BIC	FPR=0.080
#00BFFF	2	0.026850195322804	0.026850195322804	0	1	7475347 AIC	AIC	FPR=0.100
#00BFFF	2	0.0279607357323768	0.0279607357323768	0	1	7751043 AIC	AIC	FPR=0.100
#FF0000	5	0.026850195322804	0.026850195322804	0	1	7475347 BIC	BIC	FPR=0.100
#FF0000	5	0.0279607357323768	0.0279607357323768	0	1	7751043 BIC	BIC	FPR=0.100
