colour	size	x	xend	y	yend	key	showSelectedlegendcoloursize	showSelected2
#FF0000	5	0.198727566437528	0.198727566437528	0	1	16323555 BIC	BIC	FPR=0.080
#00BFFF	2	0.198727566437528	0.198727566437528	0	1	16323555 AIC	AIC	FPR=0.100
#FF0000	5	0.198727566437528	0.198727566437528	0	1	16323555 BIC	BIC	FPR=0.100
