colour	size	x	xend	y	yend	key	showSelectedlegendcoloursize	showSelected2
#00BFFF	2	0.739855258529878	0.739855258529878	0	1	181687777 AIC	AIC	TPR=0.900
#00BFFF	2	0.739855258529878	0.739855258529878	0	1	181687777 AIC	AIC	TPR=0.950
#FF0000	5	0.739855258529878	0.739855258529878	0	1	181687777 BIC	BIC	TPR=0.950
#00BFFF	2	0.739855258529878	0.739855258529878	0	1	181687777 AIC	AIC	FPR=0.061
#FF0000	5	0.739855258529878	0.739855258529878	0	1	181687777 BIC	BIC	FPR=0.061
#00BFFF	2	0.739855258529878	0.739855258529878	0	1	181687777 AIC	AIC	FPR=0.080
#FF0000	5	0.739855258529878	0.739855258529878	0	1	181687777 BIC	BIC	FPR=0.080
#00BFFF	2	0.739855258529878	0.739855258529878	0	1	181687777 AIC	AIC	FPR=0.100
#FF0000	5	0.739855258529878	0.739855258529878	0	1	181687777 BIC	BIC	FPR=0.100
