colour	size	x	xend	y	yend	key	showSelectedlegendcoloursize	showSelected2
#00BFFF	2	0.0929974194415879	0.0929974194415879	0	1	23171813 AIC	AIC	FPR=0.100
#FF0000	5	0.0929974194415879	0.0929974194415879	0	1	23171813 BIC	BIC	FPR=0.100
