colour	size	x	xend	y	yend	key	showSelectedlegendcoloursize	showSelected2
#00BFFF	2	0.128602293230912	0.128602293230912	0	1	17333502 AIC	AIC	FPR=0.100
#00BFFF	2	0.425970603450175	0.425970603450175	0	1	57296401 AIC	AIC	FPR=0.100
#00BFFF	2	0.426280198254971	0.426280198254971	0	1	57338007 AIC	AIC	FPR=0.100
