colour	size	x	xend	y	yend	key	showSelectedlegendcoloursize	showSelected2
#00BFFF	2	0.915659492339849	0.915659492339849	0	1	181704374 AIC	AIC	TPR=0.950
#FF0000	5	0.915659492339849	0.915659492339849	0	1	181704374 BIC	BIC	TPR=0.950
#FF0000	5	0.915659492339849	0.915659492339849	0	1	181704374 BIC	BIC	FPR=0.080
#00BFFF	2	0.915659492339849	0.915659492339849	0	1	181704374 AIC	AIC	FPR=0.100
#FF0000	5	0.915659492339849	0.915659492339849	0	1	181704374 BIC	BIC	FPR=0.100
