colour	size	x	xend	y	yend	key	showSelectedlegendcoloursize	showSelected2
#00BFFF	2	0.21737199942844	0.21737199942844	0	1	54773130 AIC	AIC	TPR=0.950
#FF0000	5	0.21737199942844	0.21737199942844	0	1	54773130 BIC	BIC	FPR=0.080
#00BFFF	2	0.21737199942844	0.21737199942844	0	1	54773130 AIC	AIC	FPR=0.100
#FF0000	5	0.21737199942844	0.21737199942844	0	1	54773130 BIC	BIC	FPR=0.100
