colour	size	x	xend	y	yend	key	showSelectedlegendcoloursize	showSelected2
#00BFFF	2	0.150742553378342	0.150742553378342	0	1	37553416 AIC	AIC	TPR=0.950
#FF0000	5	0.150742553378342	0.150742553378342	0	1	37553416 BIC	BIC	TPR=0.950
#00BFFF	2	0.150742553378342	0.150742553378342	0	1	37553416 AIC	AIC	FPR=0.080
#FF0000	5	0.150742553378342	0.150742553378342	0	1	37553416 BIC	BIC	FPR=0.080
#00BFFF	2	0.150742553378342	0.150742553378342	0	1	37553416 AIC	AIC	FPR=0.100
#FF0000	5	0.150742553378342	0.150742553378342	0	1	37553416 BIC	BIC	FPR=0.100
