colour	size	x	xend	y	yend	key	showSelectedlegendcoloursize	showSelected2
#FF0000	5	0.0453427385472273	0.0453427385472273	0	1	9108105 BIC	BIC	FPR=0.100
#FF0000	5	0.0720270654315836	0.0720270654315836	0	1	14343588 BIC	BIC	FPR=0.100
#FF0000	5	0.908343664889597	0.908343664889597	0	1	178429471 BIC	BIC	FPR=0.100
