colour	size	x	xend	y	yend	key	showSelectedlegendcoloursize	showSelected2
#00BFFF	2	0.259460983480662	0.259460983480662	0	1	64630075 AIC	AIC	FPR=0.100
#FF0000	5	0.259460983480662	0.259460983480662	0	1	64630075 BIC	BIC	FPR=0.100
