colour	size	x	xend	y	yend	key	showSelectedlegendcoloursize	showSelected2
#00BFFF	2	0.0206886057236235	0.0206886057236235	0	1	4010364 AIC	AIC	TPR=0.950
#00BFFF	2	0.0206886057236235	0.0206886057236235	0	1	4010364 AIC	AIC	FPR=0.100
#FF0000	5	0.0206886057236235	0.0206886057236235	0	1	4010364 BIC	BIC	FPR=0.100
