colour	size	x	xend	y	yend	key	showSelectedlegendcoloursize	showSelected2
#FF0000	5	0.767645357993375	0.767645357993375	0	1	102121596 BIC	BIC	FPR=0.080
#FF0000	5	0.77354629505342	0.77354629505342	0	1	102905160 BIC	BIC	FPR=0.080
#FF0000	5	0.767645357993375	0.767645357993375	0	1	102121596 BIC	BIC	FPR=0.100
#FF0000	5	0.77354629505342	0.77354629505342	0	1	102905160 BIC	BIC	FPR=0.100
