colour	size	x	xend	y	yend	key	showSelectedlegendcoloursize	showSelected2
#00BFFF	2	0.988146950565601	0.988146950565601	0	1	239923300 AIC	AIC	TPR=0.950
#FF0000	5	0.988146950565601	0.988146950565601	0	1	239923300 BIC	BIC	TPR=0.950
#00BFFF	2	0.988146950565601	0.988146950565601	0	1	239923300 AIC	AIC	FPR=0.080
#FF0000	5	0.988146950565601	0.988146950565601	0	1	239923300 BIC	BIC	FPR=0.080
#00BFFF	2	0.988146950565601	0.988146950565601	0	1	239923300 AIC	AIC	FPR=0.100
#FF0000	5	0.988146950565601	0.988146950565601	0	1	239923300 BIC	BIC	FPR=0.100
