colour	size	x	xend	y	yend	key	showSelectedlegendcoloursize	showSelected2
#FF0000	5	0.0101309698292468	0.0101309698292468	0	1	1997032 BIC	BIC	FPR=0.100
