colour	size	x	xend	y	yend	key	showSelectedlegendcoloursize	showSelected2
#00BFFF	2	0.0174447535874369	0.0174447535874369	0	1	3642887 AIC	AIC	TPR=0.950
#FF0000	5	0.0174447535874369	0.0174447535874369	0	1	3642887 BIC	BIC	TPR=0.950
#FF0000	5	0.0174447535874369	0.0174447535874369	0	1	3642887 BIC	BIC	FPR=0.061
#00BFFF	2	0.0174447535874369	0.0174447535874369	0	1	3642887 AIC	AIC	FPR=0.080
#FF0000	5	0.0174447535874369	0.0174447535874369	0	1	3642887 BIC	BIC	FPR=0.080
#00BFFF	2	0.0174447535874369	0.0174447535874369	0	1	3642887 AIC	AIC	FPR=0.100
#FF0000	5	0.0174447535874369	0.0174447535874369	0	1	3642887 BIC	BIC	FPR=0.100
