colour	size	x	xend	y	yend	key	showSelectedlegendcoloursize	showSelected2
#00BFFF	2	0.195448401274571	0.195448401274571	0	1	48743445 AIC	AIC	FPR=0.100
#FF0000	5	0.195448401274571	0.195448401274571	0	1	48743445 BIC	BIC	FPR=0.100
