colour	size	x	xend	y	yend	key	showSelectedlegendcoloursize	showSelected2
#FF0000	5	0.236142739255302	0.236142739255302	0	1	46656706 BIC	BIC	FPR=0.100
#FF0000	5	0.273454062003474	0.273454062003474	0	1	53995148 BIC	BIC	FPR=0.100
