colour	size	x	xend	y	yend	key	showSelectedlegendcoloursize	showSelected2
#00BFFF	2	0.0151962871928255	0.0151962871928255	0	1	3709285 AIC	AIC	FPR=0.100
#FF0000	5	0.0151962871928255	0.0151962871928255	0	1	3709285 BIC	BIC	FPR=0.100
