colour	size	x	xend	y	yend	key	showSelectedlegendcoloursize	showSelected2
#FF0000	5	0.382512001599638	0.382512001599638	0	1	31143306 BIC	BIC	FPR=0.100
#FF0000	5	0.408074200675251	0.408074200675251	0	1	33188233 BIC	BIC	FPR=0.100
