colour	size	x	xend	y	yend	key	showSelectedlegendcoloursize	showSelected2
#00BFFF	2	0.564196706947785	0.564196706947785	0	1	112506070 AIC	AIC	FPR=0.100
#00BFFF	2	0.564404376021503	0.564404376021503	0	1	112547468 AIC	AIC	FPR=0.100
