colour	size	x	xend	y	yend	key	showSelectedlegendcoloursize	showSelected2
#00BFFF	2	0.612063694738731	0.612063694738731	0	1	152756887 AIC	AIC	FPR=0.100
#00BFFF	2	0.618547648983464	0.618547648983464	0	1	154366554 AIC	AIC	FPR=0.100
#FF0000	5	0.612063694738731	0.612063694738731	0	1	152756887 BIC	BIC	FPR=0.100
#FF0000	5	0.618547648983464	0.618547648983464	0	1	154366554 BIC	BIC	FPR=0.100
