colour	size	x	xend	y	yend	key	showSelectedlegendcoloursize	showSelected2
#00BFFF	2	0.0233382224540261	0.0233382224540261	0	1	6603486 AIC	AIC	TPR=0.900
#00BFFF	2	0.0233382224540261	0.0233382224540261	0	1	6603486 AIC	AIC	TPR=0.950
#FF0000	5	0.0233382224540261	0.0233382224540261	0	1	6603486 BIC	BIC	TPR=0.950
#FF0000	5	0.0233382224540261	0.0233382224540261	0	1	6603486 BIC	BIC	FPR=0.061
#00BFFF	2	0.0233382224540261	0.0233382224540261	0	1	6603486 AIC	AIC	FPR=0.080
#FF0000	5	0.0233382224540261	0.0233382224540261	0	1	6603486 BIC	BIC	FPR=0.080
#00BFFF	2	0.0233382224540261	0.0233382224540261	0	1	6603486 AIC	AIC	FPR=0.100
#FF0000	5	0.0233382224540261	0.0233382224540261	0	1	6603486 BIC	BIC	FPR=0.100
