colour	size	x	xend	y	yend	key	showSelectedlegendcoloursize	showSelected2
#00BFFF	2	0.000481959469843298	0.000481959469843298	0	1	200000 AIC	AIC	TPR=0.950
#00BFFF	2	0.000481959469843298	0.000481959469843298	0	1	200000 AIC	AIC	FPR=0.100
#FF0000	5	0.000481959469843298	0.000481959469843298	0	1	200000 BIC	BIC	FPR=0.100
