colour	size	x	xend	y	yend	key	showSelectedlegendcoloursize	showSelected2
#00BFFF	2	0.191067623705204	0.191067623705204	0	1	47433711 AIC	AIC	TPR=0.950
#FF0000	5	0.191067623705204	0.191067623705204	0	1	47433711 BIC	BIC	TPR=0.950
#00BFFF	2	0.191067623705204	0.191067623705204	0	1	47433711 AIC	AIC	FPR=0.080
#FF0000	5	0.191067623705204	0.191067623705204	0	1	47433711 BIC	BIC	FPR=0.080
#00BFFF	2	0.191067623705204	0.191067623705204	0	1	47433711 AIC	AIC	FPR=0.100
#FF0000	5	0.191067623705204	0.191067623705204	0	1	47433711 BIC	BIC	FPR=0.100
