colour	size	x	xend	y	yend	key	showSelectedlegendcoloursize	showSelected2
#FF0000	5	0.042866009650152	0.042866009650152	0	1	8100480 BIC	BIC	TPR=0.950
#FF0000	5	0.042866009650152	0.042866009650152	0	1	8100480 BIC	BIC	FPR=0.080
#FF0000	5	0.042866009650152	0.042866009650152	0	1	8100480 BIC	BIC	FPR=0.100
